{"cameraMode":{"drawMode":0,"name":"Shaded","section":"Shading Mode"},"sceneLighting":true,"audioPlay":false,"sceneViewState":{"m_AlwaysRefresh":false,"showFog":true,"showSkybox":true,"showFlares":true,"showImageEffects":true,"showParticleSystems":true,"showVisualEffectGraphs":true,"m_FxEnabled":true},"in2DMode":false,"pivot":{"x":0.47686684131622317,"y":1.3632478713989258,"z":0.5472989082336426},"rotation":{"x":-0.040217116475105289,"y":0.9353762269020081,"z":-0.11308109015226364,"w":-0.33266669511795046},"size":0.90739506483078,"orthographic":false}